id,name,email,age,role
1,John Doe,john@example.com,28,Developer
2,Jane Smith,jane@example.com,32,Designer
3,Bob Johnson,bob@example.com,45,Manager
4,Alice Williams,alice@example.com,26,Developer
5,Charlie Brown,charlie@example.com,35,Developer
6,Eva Davis,eva@example.com,29,Designer
7,Frank Miller,frank@example.com,41,Manager
8,Grace Lee,grace@example.com,27,Developer
9,Henry Wilson,henry@example.com,38,Designer
10,Iris Taylor,iris@example.com,31,Developer
11,Jack Anderson,jack@example.com,33,Developer
12,Karen White,karen@example.com,29,Designer
13,Leo Martinez,leo@example.com,42,Manager
14,Maria Garcia,maria@example.com,25,Developer
15,Nathan Brown,nathan@example.com,36,Developer
